{"cameraMode":{"drawMode":0,"name":"Shaded","section":"Shading Mode"},"sceneLighting":false,"audioPlay":false,"sceneViewState":{"showFog":true,"showMaterialUpdate":false,"showSkybox":true,"showFlares":true,"showImageEffects":true,"showParticleSystems":true},"in2DMode":false,"pivot":{"x":-0.00009500980377197266,"y":1.3499999046325684,"z":-2.3096799850463868e-7},"rotation":{"x":0.344651460647583,"y":-0.3501010239124298,"z":0.1403689682483673,"w":0.8596168756484985},"size":5.566152095794678,"orthographic":false}