{"cameraMode":{"drawMode":0,"name":"Shaded","section":"Shading Mode"},"sceneLighting":false,"audioPlay":false,"sceneViewState":{"showFog":true,"showMaterialUpdate":false,"showSkybox":true,"showFlares":true,"showImageEffects":true,"showParticleSystems":true},"in2DMode":false,"pivot":{"x":-0.1972808837890625,"y":-0.15961259603500367,"z":-0.2851867377758026},"rotation":{"x":-0.11901327967643738,"y":0.753025472164154,"z":-0.14194399118423463,"w":-0.6313797235488892},"size":2.3392786979675295,"orthographic":false}