{"cameraMode":{"drawMode":0,"name":"Shaded","section":"Shading Mode"},"sceneLighting":false,"audioPlay":false,"sceneViewState":{"showFog":true,"showMaterialUpdate":false,"showSkybox":true,"showFlares":true,"showImageEffects":true,"showParticleSystems":true},"in2DMode":false,"pivot":{"x":-5.651763916015625,"y":1.0866965055465699,"z":-2.2241322994232179},"rotation":{"x":0.1255427449941635,"y":-0.08393338322639466,"z":0.010661653243005276,"w":0.9884738326072693},"size":2.55214524269104,"orthographic":false}