{"cameraMode":{"drawMode":0,"name":"Shaded","section":"Shading Mode"},"sceneLighting":false,"audioPlay":false,"sceneViewState":{"showFog":true,"showMaterialUpdate":false,"showSkybox":true,"showFlares":true,"showImageEffects":true,"showParticleSystems":true},"in2DMode":false,"pivot":{"x":0.2993595600128174,"y":1.3502498865127564,"z":-2.384185791015625e-7},"rotation":{"x":0.044732604175806048,"y":0.5306910276412964,"z":-0.028061475604772569,"w":0.8459188342094421},"size":4.193894386291504,"orthographic":false}